{
  "accuracy": 0.9996958396149065,
  "f1_macro": 0.9997071700020207,
  "confusion_matrix": [
    [
      34071,
      0,
      0,
      0,
      0
    ],
    [
      9,
      31234,
      0,
      0,
      0
    ],
    [
      10,
      0,
      28398,
      0,
      0
    ],
    [
      11,
      0,
      0,
      28709,
      0
    ],
    [
      16,
      0,
      0,
      0,
      28778
    ]
  ],
  "n_estimators": 120,
  "max_depth": 10
}