{
  "accuracy": 0.9598901098901099,
  "f1_macro": 0.9587913181186317,
  "confusion_matrix": [
    [
      291,
      7,
      0,
      3,
      4,
      0,
      1
    ],
    [
      4,
      278,
      0,
      4,
      4,
      0,
      2
    ],
    [
      0,
      0,
      10,
      0,
      0,
      0,
      0
    ],
    [
      3,
      5,
      0,
      294,
      0,
      2,
      1
    ],
    [
      2,
      3,
      0,
      0,
      289,
      6,
      0
    ],
    [
      1,
      1,
      0,
      3,
      5,
      290,
      4
    ],
    [
      1,
      2,
      1,
      0,
      0,
      4,
      295
    ]
  ],
  "per_class_f1": {
    "backward": 0.9572368421052632,
    "forward": 0.9455782312925171,
    "fowward": 0.9523809523809523,
    "landing": 0.9655172413793104,
    "left": 0.9601328903654485,
    "right": 0.9570957095709571,
    "takeoff": 0.9735973597359736
  },
  "classes": [
    "backward",
    "forward",
    "fowward",
    "landing",
    "left",
    "right",
    "takeoff"
  ],
  "cv_folds": 5
}